Nama Produk;URL Produk;Gambar Produk;Harga (IDR);Rating (Max 5);Battery Life ;Bluetooth Calling;AMOLED Display;Water Resistant;SpO2 Monitoring;Heart Rate Monitor;GPS;Compatibility;Style;Display;Calling
Olike Smartwatch META S1 Lite Sport Health Tracker 20 Day Battery Life Black Rubber Strap;https://www.jamtangan.com/p/olike-smartwatch-meta-s1-lite-sport-health-tracker-20-day-battery-life-black-rubber-strap-736023;https://images.jamtangan.com/preset:sharp/resize:fit:300:329/dpr:2/width:300/height:329/resize:fit/plain/https://assets.jamtangan.com/images/product/olike/OLIKE923.BLK/2l_800x800.jpg;219000;5;20 Days;No;No;IP68;Yes;Yes;No;Android & IOS;Sport;HD Display;No
Olike Smartwatch META S1 Lite Sport Health Tracker 20 Day Battery Life Pink Rubber Strap;https://www.jamtangan.com/p/olike-smartwatch-meta-s1-lite-sport-health-tracker-20-day-battery-life-pink-rubber-strap-743983;https://images.jamtangan.com/preset:sharp/resize:fit:300:329/dpr:2/width:300/height:329/resize:fit/plain/https://assets.jamtangan.com/images/product/olike/OLIKE923.PNK/2l_800x800.jpg;219000;5;20 Days;No;No;IP68;Yes;Yes;No;Android & IOS;Sport;HD Display;No
WINKEY SWW01 Smartwatch Ara Fitness Tracker Ultra Long Battery Life Black Rubber Strap;https://www.jamtangan.com/p/winkey-sww01-smartwatch-ara-fitness-tracker-ultra-long-battery-life-black-rubber-strap-705053;https://images.jamtangan.com/preset:sharp/resize:fit:300:329/dpr:2/width:300/height:329/resize:fit/plain/https://assets.jamtangan.com/images/product/winkey/501943/DETAIL.jpg;229000;5;7 Days;No;No;IP68;Yes;Yes;No;Android & IOS;Sport;HD Display;No
Olike Zenith W15 Smartwatch Digital Dial Grey Rubber Strap;https://www.jamtangan.com/p/olike-zenith-w15-smartwatch-digital-dial-grey-rubber-strap-702741;https://images.jamtangan.com/preset:sharp/resize:fit:300:329/dpr:2/width:300/height:329/resize:fit/plain/https://assets.jamtangan.com/images/product/olike/OLIKE709.SLV/2l_800x800.jpg;248000;5;7-10 Days;No;No;IP68;Yes;Yes;No;Android & IOS;Casual/Sport;HD Display;No
Olike Interstellar FW6 Smartwatch With Bluetooth Multiple Sport Mode Silver Rubber Strap;https://www.jamtangan.com/p/olike-interstellar-fw6-smartwatch-with-bluetooth-multiple-sport-mode-silver-rubber-strap-742233;https://images.jamtangan.com/preset:sharp/resize:fit:300:329/dpr:2/width:300/height:329/resize:fit/plain/https://assets.jamtangan.com/images/product/olike/OLIKE983.SVR/2l_800x800.jpg;256000;5;15 Days;Yes;No;IP68;Yes;Yes;No;Android & IOS;Sport;HD Display;Yes
Olike Interstellar FW6 Smartwatch With Bluetooth Multiple Sport Mode Black Rubber Strap;https://www.jamtangan.com/p/olike-interstellar-fw6-smartwatch-with-bluetooth-multiple-sport-mode-black-rubber-strap-742223;https://images.jamtangan.com/preset:sharp/resize:fit:300:329/dpr:2/width:300/height:329/resize:fit/plain/https://assets.jamtangan.com/images/product/olike/OLIKE983.BLK/2l_800x800.jpg;256000;5;15 Days;Yes;No;IP68;Yes;Yes;No;Android & IOS;Sport;HD Display;Yes
Olike Interstellar FW6 Smartwatch With Bluetooth Multiple Sport Mode Pink Rubber Strap;https://www.jamtangan.com/p/olike-interstellar-fw6-smartwatch-with-bluetooth-multiple-sport-mode-pink-rubber-strap-742213;https://images.jamtangan.com/preset:sharp/resize:fit:300:329/dpr:2/width:300/height:329/resize:fit/plain/https://assets.jamtangan.com/images/product/olike/OLIKE983.PNK/2l_800x800.jpg;256000;;15 Days;Yes;No;IP68;Yes;Yes;No;Android & IOS;Sport;HD Display;Yes
Tecno 8100255625 Watch 3 Active Smartwatch Enhanced Bluetooth Call Digital Dial Black Rubber Strap;https://www.jamtangan.com/p/tecno-8100255625-watch-3-active-smartwatch-enhanced-bluetooth-call-digital-dial-black-rubber-strap-744233;;259000;5;20 Days;Yes;No;IP68;Yes;Yes;No;Android & IOS;;HD Display;Yes
Olike Interstellar FW6 Smartwatch With Bluetooth Multiple Sport Mode Beige Rubber Strap;https://www.jamtangan.com/p/olike-interstellar-fw6-smartwatch-with-bluetooth-multiple-sport-mode-beige-rubber-strap-746763;https://images.jamtangan.com/preset:sharp/resize:fit:300:329/dpr:2/width:300/height:329/resize:fit/plain/https://assets.jamtangan.com/images/product/olike/OLIKE983.BGE/2l_800x800.jpg;270000;;15 Days;Yes;No;IP68;Yes;Yes;No;Android & IOS;Sport;HD Display;Yes
Olike Interstellar FW6 Smartwatch With Bluetooth Multiple Sport Mode Purple Rubber Strap;https://www.jamtangan.com/p/olike-interstellar-fw6-smartwatch-with-bluetooth-multiple-sport-mode-purple-rubber-strap-746773;https://images.jamtangan.com/preset:sharp/resize:fit:300:329/dpr:2/width:300/height:329/resize:fit/plain/https://assets.jamtangan.com/images/product/olike/OLIKE983.PRPLE/2l_800x800.jpg;270000;;15 Days;Yes;No;IP68;Yes;Yes;No;Android & IOS;Sport;HD Display;Yes
Olike Meta S2 Smartwatch With HD Screen 1000mAh Sync Strava IP68 Light Grey Rubber Strap;https://www.jamtangan.com/p/olike-meta-s2-smartwatch-with-hd-screen-1000mah-sync-strava-ip68-light-grey-rubber-strap-728553;https://images.jamtangan.com/preset:sharp/resize:fit:300:329/dpr:2/width:300/height:329/resize:fit/plain/https://assets.jamtangan.com/images/product/olike/OLIKE1055.SLV/2l_800x800.jpg;284000;5;15 Days;Yes;No;IP68;Yes;Yes;No;Android & IOS;Sport;HD Display;Yes
Olike Meta S2 Smartwatch With HD Screen 1000mAh Sync Strava IP68 Black Rubber Strap;https://www.jamtangan.com/p/olike-meta-s2-smartwatch-with-hd-screen-1000mah-sync-strava-ip68-black-rubber-strap-728543;https://images.jamtangan.com/preset:sharp/resize:fit:300:329/dpr:2/width:300/height:329/resize:fit/plain/https://assets.jamtangan.com/images/product/olike/OLIKE1055.TRNSH/2l_800x800.jpg;284000;5;15 Days;Yes;No;IP68;Yes;Yes;No;Android & IOS;Sport;HD Display;Yes
Olike Interstellar FW1 Smartwatch Digital Dial Black Rubber Strap;https://www.jamtangan.com/p/olike-interstellar-fw1-smartwatch-digital-dial-black-rubber-strap-702821;https://images.jamtangan.com/preset:sharp/resize:fit:300:329/dpr:2/width:300/height:329/resize:fit/plain/https://assets.jamtangan.com/images/product/olike/OLIKE423.BLK/2l_800x800.jpg;293000;5;7 Days;Yes;No;IP68;Yes;Yes;No;Android & IOS;Sport;HD Display;Yes
WINKEY Zeta SWW02 Smartwatch 3ATM Long Battery Life 60+ Sport Modes Black Rubber Strap;https://www.jamtangan.com/p/winkey-zeta-sww02-smartwatch-3atm-long-battery-life-60-sport-modes-black-rubber-strap-705103;;299000;5;15 Days;No;No;3ATM;Yes;Yes;No;Android & IOS;Sport;HD Display;No
Olike Smartband B3 Active Sport 20 Day Battery Life Black Rubber Strap;https://www.jamtangan.com/p/olike-smartband-b3-active-sport-20-day-battery-life-black-rubber-strap-735753;https://images.jamtangan.com/preset:sharp/resize:fit:300:329/dpr:2/width:300/height:329/resize:fit/plain/https://assets.jamtangan.com/images/product/olike/OLIKE1052.BLK/1l_800x800.jpg;309000;5;20 Days;No;No;IP68;Yes;Yes;No;Android & IOS;Sport Band;AMOLED;No
Olike Smartband B3 Active Sport 20 Day Battery Life Silver Rubber Strap;https://www.jamtangan.com/p/olike-smartband-b3-active-sport-20-day-battery-life-silver-rubber-strap-736013;https://images.jamtangan.com/preset:sharp/dpr:1.5/width:756/resize:fit/plain/https://assets.jamtangan.com/images/product/olike/OLIKE1052.SLV/1l_800x800.jpg;309000;5;20 Days;No;No;IP68;Yes;Yes;No;Android & IOS;Sport Band;AMOLED;No
Olike Smartband B3 Active Sport 20 Day Battery Life Pink Rubber Strap;https://www.jamtangan.com/p/olike-smartband-b3-active-sport-20-day-battery-life-pink-rubber-strap-743033;https://images.jamtangan.com/preset:sharp/resize:fit:300:329/dpr:2/width:300/height:329/resize:fit/plain/https://assets.jamtangan.com/images/product/olike/OLIKE1052.PNK/2l_800x800.jpg;309000;5;20 Days;No;No;IP68;Yes;Yes;No;Android & IOS;Sport Band;AMOLED;No
Olike Interstellar FW1 Smartwatch Digital Dial Pink Rubber Strap;https://www.jamtangan.com/p/olike-interstellar-fw1-smartwatch-digital-dial-pink-rubber-strap-702832;https://images.jamtangan.com/preset:sharp/resize:fit:300:329/dpr:2/width:300/height:329/resize:fit/plain/https://assets.jamtangan.com/images/product/olike/OLIKE423.CGLD/2l_800x800.jpg;313000;5;7 Days;NO;No;IP68;Yes;Yes;No;Android & IOS;Sport;AMOLED;No
WINKEY SWW02 ZETA2 Smartwatch Bluetooth Call Fitness Tracker IP68 Digital Dial Black Rubber Strap;https://www.jamtangan.com/p/winkey-sww02-zeta2-smartwatch-bluetooth-call-fitness-tracker-ip68-digital-dial-black-rubber-strap-705033;https://images.jamtangan.com/preset:sharp/resize:fit:300:329/dpr:2/width:300/height:329/resize:fit/plain/https://assets.jamtangan.com/images/product/winkey/502093/DETAIL9.jpg;314900;5;7 Days ;Yes;No;IP68;Yes;Yes;No;Android & IOS;Sport;HD Display;Yes
WINKEY SWW02 ZETA2 Smartwatch Bluetooth Call Fitness Tracker IP68 Digital Dial Pink Rubber Strap;https://www.jamtangan.com/p/winkey-sww02-zeta2-smartwatch-bluetooth-call-fitness-tracker-ip68-digital-dial-pink-rubber-strap-704982;https://images.jamtangan.com/preset:sharp/resize:fit:300:329/dpr:2/width:300/height:329/resize:fit/plain/https://assets.jamtangan.com/images/product/winkey/502094/DETAIL.jpg;314900;5;7 Days;Yes;NO;IP68;Yes;Yes;No;Android & IOS;Sport;HD Display;Yes
Olike FW2 Smartwatch Digital Dial Black Rubber Strap;https://www.jamtangan.com/p/olike-fw2-smartwatch-digital-dial-black-rubber-strap-702733;https://images.jamtangan.com/preset:sharp/resize:fit:462:492/dpr:1.5/width:462/height:492/resize:fit/plain/https://assets.jamtangan.com/images/product/olike/OLIKE769.CGLD/1l_800x800.jpg;349000;5;7 Days;Yes;No;IP68;Yes;Yes;No;Android & IOS;Sport;HD Display;Yes
Olike FW2 Smartwatch Digital Dial Champagne Gold Rubber Strap;https://www.jamtangan.com/p/olike-fw2-smartwatch-digital-dial-champagne-gold-rubber-strap-702773;https://images.jamtangan.com/preset:sharp/resize:fit:300:329/dpr:2/width:300/height:329/resize:fit/plain/https://assets.jamtangan.com/images/product/olike/OLIKE769.CGLD/2l_800x800.jpg;349000;5;5-7 Days;Yes;No;IP68;Yes;Yes;Yes;Android & IOS;Casual/ Sport;HD Display;Yes
Olike Meta S2 Ultra Smartwatch With 100 Sports Modes Compass & 15 Days Battery Black Silicone Strap;https://www.jamtangan.com/p/olike-meta-s2-ultra-smartwatch-with-100-sports-modes-compass-&-15-days-battery-black-silicone-strap-748233;https://images.jamtangan.com/preset:sharp/resize:fit:300:329/dpr:2/width:300/height:329/resize:fit/plain/https://assets.jamtangan.com/images/product/olike/OLIKE1213.BLK/2l_800x800.jpg;364000;5;15 Days;Yes;No;IP68;Yes;Yes;Yes;Android & IOS;Outdoor/Sport;HD Display;Yes
Olike Interstellar FW3 Smartwatch Digital Dial Tarnish Black Rubber Strap;https://www.jamtangan.com/p/olike-interstellar-fw3-smartwatch-digital-dial-tarnish-black-rubber-strap-715443;https://images.jamtangan.com/preset:sharp/resize:fit:300:329/dpr:2/width:300/height:329/resize:fit/plain/https://assets.jamtangan.com/images/product/olike/OLIKE995.TRNSH/2l_800x800.jpg;389000;5;7 Days;Yes;No;IP68;Yes;Yes;Yes;Android & IOS;Sport;HD Display;Yes
Olike Atlas FM01 Smartwatch Digital Dial Green Rubber Strap;https://www.jamtangan.com/p/olike-atlas-fm01-smartwatch-digital-dial-green-rubber-strap-702711;https://images.jamtangan.com/preset:sharp/resize:fit:300:329/dpr:2/width:300/height:329/resize:fit/plain/https://assets.jamtangan.com/images/product/olike/OLIKE704.GRN/2l_800x800.jpg;395000;5;15 Days;Yes;No;IP68;Yes;Yes;Yes;Android & IOS;Outdoor / Sport;HD Display;Yes
WINKEY SWW03 Eclipse Bluetooth Call Long Battery Life Black Rubber Strap;https://www.jamtangan.com/p/winkey-sww03-eclipse-bluetooth-call-long-battery-life-black-rubber-strap-705113;https://images.jamtangan.com/preset:sharp/resize:fit:300:329/dpr:2/width:300/height:329/resize:fit/plain/https://assets.jamtangan.com/images/product/winkey/501946/DETAIL1.jpg;399000;5;7 Days;Yes;No;IP68;Yes;Yes;Yes;Android & IOS;Sport;HD Display;Yes
Olike W16 Smartwatch Support Strava 100+ Sport Mode 15 Days Battery Black Silicone Strap;https://www.jamtangan.com/p/olike-w16-smartwatch-support-strava-100-sport-mode-15-days-battery-black-silicone-strap-748243;https://images.jamtangan.com/preset:sharp/resize:fit:300:329/dpr:2/width:300/height:329/resize:fit/plain/https://assets.jamtangan.com/images/product/olike/OLIKE1220.BLK/1l_800x800.jpg;424000;;15 Days;Yes;No;3ATM;Yes;Yes;Yes;Android & IOS;Sport / Fitness;HD Display;Yes
Olike W16 Smartwatch Support Strava 100+ Sport Mode 15 Days Battery Pink Silicone Strap;https://www.jamtangan.com/p/olike-w16-smartwatch-support-strava-100-sport-mode-15-days-battery-pink-silicone-strap-748253;https://images.jamtangan.com/preset:sharp/resize:fit:300:329/dpr:2/width:300/height:329/resize:fit/plain/https://assets.jamtangan.com/images/product/olike/OLIKE1220.PNK/1l_800x800.jpg;424000;;15 Days;Yes;NO;IP68;Yes;Yes;No;Android & IOS;Sport / Fitness;HD Display;Yes
Olike Amoled FMA02 Smartwatch Black Silicone Strap;https://www.jamtangan.com/p/olike-amoled-fma02-smartwatch-black-silicone-strap-702721;https://images.jamtangan.com/preset:sharp/resize:fit:300:329/dpr:2/width:300/height:329/resize:fit/plain/https://assets.jamtangan.com/images/product/olike/OLIKE835.BLK/2l_800x800.jpg;424000;5;7 Days;Yes;Yes;IP68;Yes;Yes;No;Android & IOS;Premium / Sport;HD Display;Yes
WINKEY SWW10 Qori Smartwatch Muslim Prayer Fitness Tracker IP68 Black Rubber Strap;https://www.jamtangan.com/p/winkey-sww10-qori-smartwatch-muslim-prayer-fitness-tracker-ip68-black-rubber-strap-705023;https://images.jamtangan.com/preset:sharp/resize:fit:300:329/dpr:2/width:300/height:329/resize:fit/plain/https://assets.jamtangan.com/images/product/winkey/502100/DETAIL9.jpg;429000;5;14 Days;Yes;No;IP68;Yes;Yes;No;Android & IOS;Lifestyle/Muslim;HD Display;No
Olike FM03 Smartwatch Up to 25 Day Standby Digital Dial Black Rubber Strap;https://www.jamtangan.com/p/olike-fm03-smartwatch-up-to-25-day-standby-digital-dial-black-rubber-strap-706151;https://images.jamtangan.com/preset:sharp/resize:fit:300:329/dpr:2/width:300/height:329/resize:fit/plain/https://assets.jamtangan.com/images/product/olike/OLIKE941.TRNSH/2l_800x800.jpg;441000;5;16 Days;Yes;No;IP68;Yes;Yes;No;Android & IOS;Casual / Sport;HD Display;Yes
Olike Interstellar FW5 Smartwatch With Battery Bluetooth Call Beige Rubber Strap;https://www.jamtangan.com/p/olike-interstellar-fw5-smartwatch-with-battery-bluetooth-call-beige-rubber-strap-735733;https://images.jamtangan.com/preset:sharp/resize:fit:300:329/dpr:2/width:300/height:329/resize:fit/plain/https://assets.jamtangan.com/images/product/olike/OLIKE1051.BGE/2l_800x800.jpg;459000;5;10 Days;Yes;No;IP68;Yes;Yes;No;Android & IOS;Casual / Sport;HD Display;Yes
Olike Interstellar FW5 Smartwatch With Battery Bluetooth Call Purple Rubber Strap;https://www.jamtangan.com/p/olike-interstellar-fw5-smartwatch-with-battery-bluetooth-call-purple-rubber-strap-735743;https://images.jamtangan.com/preset:sharp/resize:fit:300:329/dpr:2/width:300/height:329/resize:fit/plain/https://assets.jamtangan.com/images/product/olike/OLIKE1051.PRPLE/2l_800x800.jpg;459000;5;10 Days;Yes;No;IP68;Yes;Yes;No;Android & IOS;Fashion;HD Display;Yes
Olike Zinc Alloy FL01 Ladies Smartwatch Pink Silicone Strap;https://www.jamtangan.com/p/olike-zinc-alloy-fl01-ladies-smartwatch-pink-silicone-strap-702782;https://images.jamtangan.com/preset:sharp/resize:fit:300:329/dpr:2/width:300/height:329/resize:fit/plain/https://assets.jamtangan.com/images/product/olike/OLIKE791.GLD/2l_800x800.jpg;470000;5;7 Days;Yes;No;IP68;Yes;Yes;No;Android & IOS;Sport;HD Display;Yes
Olike Zinc Alloy FL01 Ladies Smartwatch Silver Silicone Strap;https://www.jamtangan.com/p/olike-zinc-alloy-fl01-ladies-smartwatch-silver-silicone-strap-702752;https://images.jamtangan.com/preset:sharp/resize:fit:300:329/dpr:2/width:300/height:329/resize:fit/plain/https://assets.jamtangan.com/images/product/olike/OLIKE791.SLV/2l_800x800.jpg;470000;5;7 Days;Yes;No;IP68;Yes;Yes;No;Android & IOS;Fashion;HD Display;Yes
Tecno 8100255623 Watch Neo Smartwatch AI Faces Digital Dial Black Rubber Strap + Extra Strap;https://www.jamtangan.com/p/tecno-8100255623-watch-neo-smartwatch-ai-faces-digital-dial-black-rubber-strap-extra-strap-744243;https://images.jamtangan.com/preset:sharp/resize:fit:300:329/dpr:2/width:300/height:329/resize:fit/plain/https://assets.jamtangan.com/images/product/tecno/8100255623/2l_800x800.jpg;549000;5;5 Days;Yes;No;IP68;Yes;Yes;No;Android & IOS;Casual/Sport;HD Display;Yes
Tecno 8100255624 Watch Pro 3 Smartwatch Fluid Display with High Refresh Rate + Extra Strap;https://www.jamtangan.com/p/tecno-8100255624-watch-pro-3-smartwatch-fluid-display-with-high-refresh-rate-extra-strap-744213;https://images.jamtangan.com/preset:sharp/resize:fit:300:329/dpr:2/width:300/height:329/resize:fit/plain/https://assets.jamtangan.com/images/product/tecno/8100255624/2l_800x800.jpg;599000;4;14 Days;Yes;Yes;3ATM;Yes;Yes;No;Android & IOS;Premum;AMOLED ;Yes
Olike Titanium Alloy FL01 Ultra Ladies Smartwatch Stainless Steel Strap + Extra Strap;https://www.jamtangan.com/p/olike-titanium-alloy-fl01-ultra-ladies-smartwatch-stainless-steel-strap-extra-strap-728572;https://images.jamtangan.com/preset:sharp/resize:fit:300:329/dpr:2/width:300/height:329/resize:fit/plain/https://assets.jamtangan.com/images/product/olike/OLIKE1056.SLV/2l_800x800.jpg;628000;;14 Days;Yes;Yes;IP68;Yes;Yes;No;Android & IOS;Fashion;AMOLED Touchscreen;Yes
Olike Titanium Alloy FL01 Ultra Ladies Smartwatch Gold Stainless Steel Strap + Extra Strap;https://www.jamtangan.com/p/olike-titanium-alloy-fl01-ultra-ladies-smartwatch-gold-stainless-steel-strap-extra-strap-728562;https://images.jamtangan.com/preset:sharp/resize:fit:300:329/dpr:2/width:300/height:329/resize:fit/plain/https://assets.jamtangan.com/images/product/olike/OLIKE1056.GLD/2l_800x800.jpg;628000;;20 Days;Yes;Yes;IP68;Yes;Yes;No;Android & IOS;Fashion & Premium;AMOLED;Yes
WINKEY SWW05 Smartwatch Cygnus with Amoled Display & Bluetooth Call Black Rubber Strap;https://www.jamtangan.com/p/winkey-sww05-smartwatch-cygnus-with-amoled-display-&-bluetooth-call-black-rubber-strap-705123;https://images.jamtangan.com/preset:sharp/resize:fit:300:329/dpr:2/width:300/height:329/resize:fit/plain/https://assets.jamtangan.com/images/product/winkey/501947/DETAIL1.jpg;649000;5;3-5 Days;Yes;Yes;IP68;Yes;Yes;No;Android & IOS;Premum/Sporty;AMOLED;Yes
Olike FG01 Smartwatch With GPS TARNISH Black Rubber Strap;https://www.jamtangan.com/p/olike-fg01-smartwatch-with-gps-tarnish-black-rubber-strap-702913;https://images.jamtangan.com/preset:sharp/dpr:1.5/width:756/resize:fit/plain/https://assets.jamtangan.com/images/product/olike/OLIKE915.TRSH/1l_800x800.jpg;658000;5;5-7 Days;Yes;No;3ATM;Yes;Yes;Yes;Android & IOS;Outdoor / Sport;HD Display;Yes
Olike FG01 Smartwatch With Health & Sport Monitoring GPS Pink Rubber Strap;https://www.jamtangan.com/p/olike-fg01-smartwatch-with-health-&-sport-monitoring-gps-pink-rubber-strap-739023;https://images.jamtangan.com/preset:sharp/resize:fit:300:329/dpr:2/width:300/height:329/resize:fit/plain/https://assets.jamtangan.com/images/product/olike/OLIKE915.PNK/2l_800x800.jpg;658000;5;5-7 Days;Yes;No;3ATM;Yes;Yes;Yes;Android & IOS;Outdoor / Sport;HD Display;Yes
WINKEY SWW09 Titan X Auto-Fingerprint Amoled BT Call Sports Mode Orange Rubber Strap;https://www.jamtangan.com/p/winkey-sww09-titan-x-autofingerprint-amoled-bt-call-sports-mode-orange-rubber-strap-705083;https://images.jamtangan.com/preset:sharp/resize:fit:300:329/dpr:2/width:300/height:329/resize:fit/plain/https://assets.jamtangan.com/images/product/winkey/502106/DETAIL9.jpg;719000;5;7 Days;Yes;Yes;IP68;Yes;Yes;No;Android & IOS;Rugged / Sport;AMOLED;Yes
WINKEY SWW09 Titan X Auto-Fingerprint Amoled BT Call Sports Mode Grey Rubber Strap;https://www.jamtangan.com/p/winkey-sww09-titan-x-autofingerprint-amoled-bt-call-sports-mode-grey-rubber-strap-705073;https://images.jamtangan.com/preset:sharp/resize:fit:300:329/dpr:2/width:300/height:329/resize:fit/plain/https://assets.jamtangan.com/images/product/winkey/502099/DETAIL9.jpg;719000;5;7 Days;Yes;Yes;IP68;Yes;Yes;No;Android & IOS;Rugged / Sport;AMOLED;Yes
Olike FG02 Smartwatch With Built-in GPS & Beidou AMOLED Black Silicone Strap;https://www.jamtangan.com/p/olike-fg02-smartwatch-with-builtin-gps-&-beidou-amoled-black-silicone-strap-739433;https://images.jamtangan.com/preset:sharp/resize:fit:300:329/dpr:2/width:300/height:329/resize:fit/plain/https://assets.jamtangan.com/images/product/olike/OLIKE1097.BLK/2l_800x800.jpg;820000;5;10 Days;Yes;Yes;5ATM;Yes;Yes;Yes;Android & IOS;Outdoor / Sport;AMOLED;Yes
WINKEY SWW07 Aurora Smartwatch Fashion Amoled Screen BT Call Long Battery Pink Leather Strap;https://www.jamtangan.com/p/winkey-sww07-aurora-smartwatch-fashion-amoled-screen-bt-call-long-battery-pink-leather-strap-705002;https://images.jamtangan.com/preset:sharp/resize:fit:300:329/dpr:2/width:300/height:329/resize:fit/plain/https://assets.jamtangan.com/images/product/winkey/502096/DETAIL9.jpg;849000;5;Long Battery Life;Yes;Yes;IP68;Yes;Yes;Yes;Android & IOS;Fashion;AMOLED;Yes
WINKEY SWW07 Aurora Smartwatch Fashion Amoled Screen BT Call Long Battery Light Grey Leather Strap;https://www.jamtangan.com/p/winkey-sww07-aurora-smartwatch-fashion-amoled-screen-bt-call-long-battery-light-grey-leather-strap-705012;https://images.jamtangan.com/preset:sharp/resize:fit:462:492/dpr:1.5/width:462/height:492/resize:fit/plain/https://assets.jamtangan.com/images/product/winkey/502097/1l_800x800.jpg;849000;5;Long Battery Life;Yes;Yes;IP68;Yes;Yes;Yes;Android & IOS;Fashion;AMOLED;Yes
OLIKE FG03 SE Smartwatch For Runner Built in Six Satelite GPS Watch Beige Silicone Strap;https://www.jamtangan.com/p/olike-fg03-se-smartwatch-for-runner-built-in-six-satelite-gps-watch-beige-silicone-strap-746783;https://images.jamtangan.com/preset:sharp/resize:fit:300:329/dpr:2/width:300/height:329/resize:fit/plain/https://assets.jamtangan.com/images/product/olike/OLIKE1200.GOLD/2l_800x800.jpg;950000;;15 Days;No;No;5ATM;Yes;Yes;Yes;Android & IOS;Runner / Outdoor;HD Display;No
Tecno 8100255622 Watch GT Smartwatch GPS High Precision Positioning + Extra Strap;https://www.jamtangan.com/p/tecno-8100255622-watch-gt-smartwatch-gps-high-precision-positioning-extra-strap-744223;https://images.jamtangan.com/preset:sharp/resize:fit:300:329/dpr:2/width:300/height:329/resize:fit/plain/https://assets.jamtangan.com/images/product/tecno/8100255622/2l_800x800.jpg;999000;;10 Days;Yes;Yes;5ATM;Yes;Yes;Yes;Android & IOS;Sporty / Premium;AMOLED;Yes
Amazfit BIP 6 Charcoal W2435AP3N Smartwatch AI Voice Assistance Maps with GPS Grey Silicone Strap;https://www.jamtangan.com/p/amazfit-bip-6-charcoal-w2435ap3n-smartwatch-ai-voice-assistance-maps-with-gps-grey-silicone-strap-728633;https://images.jamtangan.com/preset:sharp/resize:fit:300:329/dpr:2/width:300/height:329/resize:fit/plain/https://assets.jamtangan.com/images/product/amazfit/W2435AP3N/2l_800x800.jpg;1299000;5;14 Days;Yes;Yes;5ATM;Yes;Yes;Yes;Android & IOS;Modern / Sport;AMOLED;Yes
Amazfit BIP 6 Black W2435AP1N Smartwatch AI Voice Assistance Maps with GPS Black Silicone Strap;https://www.jamtangan.com/p/amazfit-bip-6-black-w2435ap1n-smartwatch-ai-voice-assistance-maps-with-gps-black-silicone-strap-728643;https://images.jamtangan.com/preset:sharp/resize:fit:300:329/dpr:2/width:300/height:329/resize:fit/plain/https://assets.jamtangan.com/images/product/amazfit/W2435AP1N/2l_800x800.jpg;1299000;5;14 Days;Yes;Yes;5ATM;Yes;Yes;Yes;Android & IOS;Modern / Sport;AMOLED;Yes
Amazfit BIP 6 Stone W2435AP4N Smartwatch AI Voice Assistance Maps with GPS Light Grey Silicone Strap;https://www.jamtangan.com/p/amazfit-bip-6-stone-w2435ap4n-smartwatch-ai-voice-assistance-maps-with-gps-light-grey-silicone-strap-728713;https://images.jamtangan.com/preset:sharp/resize:fit:300:329/dpr:2/width:300/height:329/resize:fit/plain/https://assets.jamtangan.com/images/product/amazfit/W2435AP4N/2l_800x800.jpg;1299000;;14 Days;Yes;Yes;5ATM;Yes;Yes;Yes;Android & IOS;Modern / Sport;AMOLED;Yes
Amazfit Active Edge W2212AP4N Smartwatch 46mm AI Health Coach 5 GPS Mint Green Rubber Strap;https://www.jamtangan.com/p/amazfit-active-edge-w2212ap4n-smartwatch-46mm-ai-health-coach-5-gps-mint-green-rubber-strap-728743;https://images.jamtangan.com/preset:sharp/dpr:1.5/width:756/resize:fit/plain/https://assets.jamtangan.com/images/product/amazfit/W2212AP4N/1l_800x800.jpg;1499000;5;16 Days;Yes;No;5ATM;Yes;Yes;Yes;Android & IOS;Outdoor / Adventure;HD Display;Yes
Amazfit Active 2 Round W2437GL7N GPS 44mm Sapphire 160+ Sport Mode Black Rubber Strap;https://www.jamtangan.com/p/amazfit-active-2-round-w2437gl7n-gps-44mm-sapphire-160-sport-mode-black-rubber-strap-728723;https://images.jamtangan.com/preset:sharp/resize:fit:300:329/dpr:2/width:300/height:329/resize:fit/plain/https://assets.jamtangan.com/images/product/amazfit/W2437GL7N/2l_800x800.jpg;1699000;;10 Days;Yes;Yes;5ATM;Yes;Yes;Yes;Android & IOS;Premium / Sport;AMOLED;Yes
OLIKE FG03 Smartwatch Titanium Amoled Built in Six Satelite GPS Watch Beige Silicone Strap;https://www.jamtangan.com/p/olike-fg03-smartwatch-titanium-amoled-built-in-six-satelite-gps-watch-beige-silicone-strap-740693;https://images.jamtangan.com/preset:sharp/resize:fit:300:329/dpr:2/width:300/height:329/resize:fit/plain/https://assets.jamtangan.com/images/product/olike/OLIKE1101.BGE/2l_800x800.jpg;1750000;5;15 Days;Yes;Yes;5ATM;Yes;Yes;Yes;Android & IOS;Outdoor / Runner;AMOLED;Yes
WINKEY NaviGo Pro SWW06 GPS Strava AMOLED Bluetooth Call 5ATM Waterproof + Extra Strap;https://www.jamtangan.com/p/winkey-navigo-pro-sww06-gps-strava-amoled-bluetooth-call-5atm-waterproof-extra-strap-724823;https://images.jamtangan.com/preset:sharp/resize:fit:300:329/dpr:2/width:300/height:329/resize:fit/plain/https://assets.jamtangan.com/images/product/winkey/502171/DETAIL9.jpg;1899000;5;10 Days;Yes;Yes;5ATM;Yes;Yes;Yes;Android & IOS;Outdoor / Sport;AMOLED;Yes
Amazfit Active 2 Premium Round W2437GL1N Smartwatch 44mm 160+ Sport Mode Leather Strap + Extra Strap;https://www.jamtangan.com/p/amazfit-active-2-premium-round-w2437gl1n-smartwatch-44mm-160-sport-mode-leather-strap-extra-strap-728663;https://images.jamtangan.com/preset:sharp/resize:fit:300:329/dpr:2/width:300/height:329/resize:fit/plain/https://assets.jamtangan.com/images/product/amazfit/W2437GL1N/2l_800x800.jpg;1899000;5;10 Days;Yes;Yes;5ATM;Yes;Yes;Yes;Android & IOS;Premium;AMOLED;Yes
Amazfit Active 2 Premium Square W2440GL3N Smartwatch 160+ Sport Mode Leather Strap + Extra Strap;https://www.jamtangan.com/p/amazfit-active-2-premium-square-w2440gl3n-smartwatch-160-sport-mode-leather-strap-extra-strap-728733;https://images.jamtangan.com/preset:sharp/resize:fit:300:329/dpr:2/width:300/height:329/resize:fit/plain/https://assets.jamtangan.com/images/product/amazfit/W2440GL3N/2l_800x800.jpg;1899000;5;10 Days;Yes;Yes;5ATM;Yes;Yes;Yes;Android & IOS;Premium;OMOLED;Yes
Expedition Sport ESW 001 MF RIPRE Smartwatch Men Black Digital Dial Red Rubber Strap;https://www.jamtangan.com/p/expedition-sport-esw-001-mf-ripre-smartwatch-men-black-digital-dial-red-rubber-strap-516391;https://images.jamtangan.com/preset:sharp/resize:fit:300:329/dpr:2/width:300/height:329/resize:fit/plain/https://assets.jamtangan.com/images/product/expedition/ESW-001-MFRIPRE/2l_800x800.jpg;2800000;5;7 Days;Yes;No;IP68;Yes;Yes;Yes;Android & IOS;Sport / Outdoor;HD Display;Yes
Amazfit Active Max A2557 Smartwatch 48.5mm AMOLED Black Silicone Strap;https://www.jamtangan.com/p/amazfit-active-max-a2557-smartwatch-48.5mm-amoled-black-silicone-strap-739503;https://images.jamtangan.com/preset:sharp/resize:fit:300:329/dpr:2/width:300/height:329/resize:fit/plain/https://assets.jamtangan.com/images/product/amazfit/A2557/1l_800x800.jpg;2899000;4;14 Days;Yes;Yes;5ATM;Yes;Yes;Yes;Android & IOS;Sport / Outdoor;AMOLED;Yes
Amazfit Active 3 Premium A2559-BLUE Smartwatch 45mm AMOLED Atlas Blue Silicone Strap;https://www.jamtangan.com/p/amazfit-active-3-premium-a2559blue-smartwatch-45mm-amoled-atlas-blue-silicone-strap-746583;https://images.jamtangan.com/preset:sharp/resize:fit:300:329/dpr:2/width:300/height:329/resize:fit/plain/https://assets.jamtangan.com/images/product/amazfit/A2559-BLUE/1l_800x800.jpg;2899000;;14 Days;Yes;Yes;5ATM;Yes;Yes;Yes;Android & IOS;Premium / Sport;AMOLED;Yes
Amazfit Active 3 Premium A2559-SILVER Smartwatch 45mm AMOLED Apex Silver Black Silicone Strap;https://www.jamtangan.com/p/amazfit-active-3-premium-a2559silver-smartwatch-45mm-amoled-apex-silver-black-silicone-strap-746563;https://images.jamtangan.com/preset:sharp/resize:fit:300:329/dpr:2/width:300/height:329/resize:fit/plain/https://assets.jamtangan.com/images/product/amazfit/A2559-SILVER/1l_800x800.jpg ;2899000;;14 Days;Yes;Yes;5ATM;Yes;Yes;Yes;Android & IOS;Premium / Sport;AMOLED;Yes
Amazfit Active 3 Premium A2559-WHITE Smartwatch 45mm AMOLED Aero White Silicone Strap;https://www.jamtangan.com/p/amazfit-active-3-premium-a2559white-smartwatch-45mm-amoled-aero-white-silicone-strap-746573;https://images.jamtangan.com/preset:sharp/resize:fit:300:329/dpr:2/width:300/height:329/resize:fit/plain/https://assets.jamtangan.com/images/product/amazfit/A2559-WHITE/2l_800x800.jpg;2899000;;14 Days;Yes;Yes;5ATM;Yes;Yes;Yes;Android & IOS;Premium / Sport;AMOLED;Yes
Garmin Forerunner 55 010-02562-5A / 010-02562-50 Smartwatch Digital Dial Black Rubber Band;https://www.jamtangan.com/p/garmin-forerunner-55-010025625a-/-0100256250-smartwatch-digital-dial-black-rubber-band-702933?list-referer-id=Jam;https://images.jamtangan.com/preset:sharp/resize:fit:300:329/dpr:2/width:300/height:329/resize:fit/plain/https://assets.jamtangan.com/images/product/garmin/010-02562-5A/1l_800x800.jpg;3199000;5;11 Days;Yes;yes;5ATM;No;Yes;Yes;Android & IOS;Sport;LCD;Yes
Garmin Forerunner 165 010-02863-AA Smartwatch Digital Dial Black Slate Grey Silicone Strap;https://www.jamtangan.com/p/garmin-forerunner-165-01002863aa-smartwatch-digital-dial-black-slate-grey-silicone-strap-703981?list-referer-id=Jam;https://images.jamtangan.com/preset:sharp/resize:fit:300:329/dpr:2/width:300/height:329/resize:fit/plain/https://assets.jamtangan.com/images/product/garmin/010-02863-AA/1l_800x800.jpg;4299000;5;18 Days;yes;yes;5ATM;Yes;Yes;Yes;Android & IOS;Spot;AMOLED;Yes
Xiaomi Redmi Watch 5 Active 8100150062 Smartwatch Digital Dial Midnight Black Rubber Strap;https://www.jamtangan.com/p/xiaomi-redmi-watch-5-active 8100150062-smartwatch-digital-dial-midnight-black-rubber-strap-720113?list-referer-id=Jam;https://images.jamtangan.com/preset:sharp/resize:fit:300:329/dpr:2/width:300/height:329/resize:fit/plain/https://assets.jamtangan.com/images/product/xiaomi/8100150062/1l_800x800.jpg;549000;5;18 Days;yes;yes;5ATM;Yes;Yes;Yes;Android & IOS;Casual;LCD;Yes
Xiaomi Smart Band 9 Active 8100176519 Smartwatch Digital Dial Pink Rubber Strap;https://www.jamtangan.com/p/xiaomi-smart-band-9 active-8100176519-smartwatch-digital-dial-pink-rubber-strap-720173?list-referer-id=Jam;https://images.jamtangan.com/preset:sharp/resize:fit:300:329/dpr:2/width:300/height:329/resize:fit/plain/https://assets.jamtangan.com/images/product/xiaomi/8100176519/1l_800x800.jpg;389000;5;21 Days;yes;yes;5ATM;Yes;Yes;Yes;Android & IOS;Casual;TFT;No
Xiaomi Redmi Watch 5 Lite 8100150065 Smartwatch Digital Dial AMOLED Display Light Gold Rubber Strap;https://www.jamtangan.com/p/xiaomi-redmi-watch-5 lite-8100150065-smartwatch-digital-dial-amoled-display-light-gold-rubber-strap-719993?list-referer-id=Jam;https://images.jamtangan.com/preset:sharp/resize:fit:300:329/dpr:2/width:300/height:329/resize:fit/plain/https://assets.jamtangan.com/images/product/xiaomi/8100150065/1l_800x800.jpg;809000;5;21 Days;yes;yes;5ATM;Yes;Yes;YES;Android & IOS;Sport;AMOLED;Yes
Xiaomi Redmi Watch 5 Lite 8100150064 Smartwatch Digital Dial AMOLED Display Black Rubber Strap;https://www.jamtangan.com/p/xiaomi-redmi-watch-5 lite-8100150064-smartwatch-digital-dial-amoled-display-black-rubber-strap-719983?list-referer-id=Jam;https://images.jamtangan.com/preset:sharp/resize:fit:300:329/dpr:2/width:300/height:329/resize:fit/plain/https://assets.jamtangan.com/images/product/xiaomi/8100150064/1l_800x800.jpg;707000;5;21 Days;yes;NO;5ATM;Yes;Yes;No;Android & IOS;Casual;LCD;Yes
Xiaomi Redmi Watch 5 Active 8100150063 Smartwatch Digital Dial Matte Silver Rubber Strap;https://www.jamtangan.com/p/xiaomi-redmi-watch-5-active 8100150063-smartwatch-digital-dial-matte-silver-rubber-strap-720123?list-referer-id=Jam;https://images.jamtangan.com/preset:sharp/resize:fit:300:329/dpr:2/width:300/height:329/resize:fit/plain/https://assets.jamtangan.com/images/product/xiaomi/8100150063/1l_800x800.jpg;589000;5;18 Days;No;YES;5ATM;Yes;Yes;No;Android & IOS;Sport;AMOLED;No
Xiaomi Smart Band 10 8100033927 Smartwatch Digital Dial Midnight Black Rubber Strap;https://www.jamtangan.com/p/xiaomi-smart-band-10-8100033927-smartwatch-digital-dial-midnight-black-rubber-strap-720243?list-referer-id=Jam;https://images.jamtangan.com/preset:sharp/resize:fit:300:329/dpr:2/width:300/height:329/resize:fit/plain/https://assets.jamtangan.com/images/product/xiaomi/8100033927/1l_800x800.jpg;696000;5;19 Days;No;YES;5ATM;Yes;Yes;No;Android & IOS;Sport;AMOLED;No
Xiaomi Smart Band 10 8100033928 Smartwatch Digital Dial Glacier Silver Rubber Strap;https://www.jamtangan.com/p/xiaomi-smart-band-10-8100033928-smartwatch-digital-dial-glacier-silver-rubber-strap-720233?list-referer-id=Jam;https://images.jamtangan.com/preset:sharp/resize:fit:300:329/dpr:2/width:300/height:329/resize:fit/plain/https://assets.jamtangan.com/images/product/xiaomi/8100033928/1l_800x800.jpg;709000;5;;No;YES;5ATM;Yes;Yes;No;Android & IOS;Casual;AMOLED;No
Xiaomi Smart Band 9 Active 8100176521 Smartwatch Digital Dial Beige White Rubber Strap;https://www.jamtangan.com/p/xiaomi-smart-band-9 active-8100176521-smartwatch-digital-dial-beige-white-rubber-strap-720193?list-referer-id=Jam;https://images.jamtangan.com/preset:sharp/resize:fit:300:329/dpr:2/width:300/height:329/resize:fit/plain/https://assets.jamtangan.com/images/product/xiaomi/8100176521/1l_800x800.jpg;389000;5;Drys;No;No;5ATM;Yes;Yes;No;Android & IOS;Casual;TFT;No
Xiaomi Redmi Watch 5 8100026281 Smartwatch Digital Dial Silver Gray Rubber Strap;https://www.jamtangan.com/p/xiaomi-redmi-watch-5 8100026281-smartwatch-digital-dial-silver-gray-rubber-strap-719883?list-referer-id=Jam;https://images.jamtangan.com/preset:sharp/resize:fit:300:329/dpr:2/width:300/height:329/resize:fit/plain/https://assets.jamtangan.com/images/product/xiaomi/8100026281/1l_800x800.jpg;1351000;5;21 Days;No;Yes;5ATM;Yes;Yes;Yes;Android & IOS;Casual;AMOLED;Yes
Xiaomi Smart Band 10 8100033929 Smartwatch Digital Dial Mystic Rose Rubber Strap;https://www.jamtangan.com/p/xiaomi-smart-band-10-8100033929-smartwatch-digital-dial-mystic-rose-rubber-strap-720253?list-referer-id=Jam;https://images.jamtangan.com/preset:sharp/resize:fit:300:329/dpr:2/width:300/height:329/resize:fit/plain/https://assets.jamtangan.com/images/product/xiaomi/8100033929/1l_800x800.jpg;696000;5;21 Days;Yes;Yes;5ATM;Yes;Yes;Yes;Android & IOS;Casual;AMOLED;Yes
Xiaomi Redmi Watch 4 8100002116 Smartwatch Digital Dial Obsidian Black Rubber Strap;https://www.jamtangan.com/p/xiaomi-redmi-watch-4 8100002116-smartwatch-digital-dial-obsidian-black-rubber-strap-719913?list-referer-id=Jam;https://images.jamtangan.com/preset:sharp/resize:fit:300:329/dpr:2/width:300/height:329/resize:fit/plain/https://assets.jamtangan.com/images/product/xiaomi/8100002116/1l_800x800.jpg;1158000;5;21 Days;Yes;Yes;5ATM;Yes;Yes;Yes;Android & IOS;Casual;AMOLED;Yes
Xiaomi Smart Band 9 Pro 8100176517 Smartwatch Digital Dial Obsidian Black Rubber Strap;https://www.jamtangan.com/p/xiaomi-smart-band-9 pro-8100176517-smartwatch-digital-dial-obsidian-black-rubber-strap-720153?list-referer-id=Jam;https://images.jamtangan.com/preset:sharp/resize:fit:300:329/dpr:2/width:300/height:329/resize:fit/plain/https://assets.jamtangan.com/images/product/xiaomi/8100176517/1l_800x800.jpg;1056000;5; Days;Yes;Yes;5ATM;Yes;Yes;Yes;Android & IOS;Casual;AMOLED;Yes
Xiaomi Redmi Watch 4 8100002117 Smartwatch Digital Dial Silver Gray Rubber Strap;https://www.jamtangan.com/p/xiaomi-redmi-watch-4 8100002117-smartwatch-digital-dial-silver-gray-rubber-strap-719933?list-referer-id=Jam;https://images.jamtangan.com/preset:sharp/resize:fit:300:329/dpr:2/width:300/height:329/resize:fit/plain/https://assets.jamtangan.com/images/product/xiaomi/8100002117/1l_800x800.jpg;1158000;5;21 Days;Yes;Yes;5ATM;Yes;Yes;Yes;Android & IOS;Casual;AMOLED;Yes
Xiaomi Watch S4 8100019189 Smartwatch Digital Dial AMOLED Display Black Rubber Strap;https://www.jamtangan.com/p/xiaomi-watch-s4-8100019189-smartwatch-digital-dial-amoled-display-black-rubber-strap-720033?list-referer-id=Jam;https://images.jamtangan.com/preset:sharp/resize:fit:300:329/dpr:2/width:300/height:329/resize:fit/plain/https://assets.jamtangan.com/images/product/xiaomi/8100019189/1l_800x800.jpg;2123000;5;Days;Yes;Yes;5ATM;Yes;Yes;Yes;Android & IOS;Premium;AMOLED;Yes
Xiaomi Watch S4 8100019196 Smartwatch Digital Dial AMOLED Display Black Rubber Strap;https://www.jamtangan.com/p/xiaomi-watch-s4-8100019196-smartwatch-digital-dial-amoled-display-black-rubber-strap-720023?list-referer-id=Jam;https://images.jamtangan.com/preset:sharp/resize:fit:300:329/dpr:2/width:300/height:329/resize:fit/plain/https://assets.jamtangan.com/images/product/xiaomi/8100019196/1l_800x800.jpg;2230000;5;days;Yes;Yes;5ATM;Yes;Yes;Yes;Android & IOS;Premium;AMOLED;Yes
Xiaomi Redmi Watch 6 8100255730 Smartwatch AMOLED Digital Dial Glacier Blue Rubber Strap;https://www.jamtangan.com/p/xiaomi-redmi-watch-6-8100255730-smartwatch-amoled-digital-dial-glacier-blue-rubber-strap-749203?list-referer-id=Jam;https://images.jamtangan.com/preset:sharp/resize:fit:300:329/dpr:2/width:300/height:329/resize:fit/plain/https://assets.jamtangan.com/images/product/xiaomi/8100255730/1l_800x800.jpg;1539000;5;21 Days;Yes;Yes;5ATM;Yes;Yes;Yes;Android & IOS;Casual;AMOLED;Yes
Xiaomi Smart Band 10 Pro 8100255741 Smartwatch Digital Dial Glacier Silver Rubber Strap;https://www.jamtangan.com/p/xiaomi-smart-band-10 pro-8100255741-smartwatch-digital-dial-glacier-silver-rubber-strap-749173?list-referer-id=Jam;https://images.jamtangan.com/preset:sharp/resize:fit:300:329/dpr:2/width:300/height:329/resize:fit/plain/https://assets.jamtangan.com/images/product/xiaomi/8100255741/1l_800x800.jpg;1231000;5;;Yes;5ATM;Yes;Yes;Yes;Yes;Android & IOS;Casual;AMOLED;Yes
Xiaomi Smart Band 10 Pro 8100255740 Smartwatch Digital Dial Midnight Black Rubber Strap;https://www.jamtangan.com/p/xiaomi-smart-band-10 pro-8100255740-smartwatch-digital-dial-midnight-black-rubber-strap-749153?list-referer-id=Jam;https://images.jamtangan.com/preset:sharp/resize:fit:300:329/dpr:2/width:300/height:329/resize:fit/plain/https://assets.jamtangan.com/images/product/xiaomi/8100255740/1l_800x800.jpg;1231000;5;;Yes;Yes;5ATM;Yes;Yes;Yes;Android & IOS;Sport;AMOLED;Yes
Xiaomi Redmi Watch 6 8100255725 Smartwatch AMOLED Digital Dial Obsidian Black Rubber Strap;https://www.jamtangan.com/p/xiaomi-redmi-watch-6-8100255725-smartwatch-amoled-digital-dial-obsidian-black-rubber-strap-749183?list-referer-id=Jam;https://images.jamtangan.com/preset:sharp/resize:fit:300:329/dpr:2/width:300/height:329/resize:fit/plain/https://assets.jamtangan.com/images/product/xiaomi/8100255725/1l_800x800.jpg;1539000;5;21 Days;Yes;Yes;5ATM;Yes;Yes;Yes;Android & IOS;Casual;AMOLED;Yes
Xiaomi Smart Band 10 Pro 8100255742 Smartwatch Digital Dial Lavender Pink Rubber Strap;https://www.jamtangan.com/p/xiaomi-smart-band-10 pro-8100255742-smartwatch-digital-dial-lavender-pink-rubber-strap-749163?list-referer-id=Jam;https://images.jamtangan.com/preset:sharp/resize:fit:300:329/dpr:2/width:300/height:329/resize:fit/plain/https://assets.jamtangan.com/images/product/xiaomi/8100255742/1l_800x800.jpg;1231000;;;No;Yes;5ATM;Yes;Yes;Yes;Android & IOS;Sport;AMOLED;No
Xiaomi Redmi Watch 6 8100255729 Smartwatch AMOLED Digital Dial Silver Gray Rubber Strap;https://www.jamtangan.com/p/xiaomi-redmi-watch-6-8100255729-smartwatch-amoled-digital-dial-silver-gray-rubber-strap-749193?list-referer-id=Jam;https://images.jamtangan.com/preset:sharp/resize:fit:300:329/dpr:2/width:300/height:329/resize:fit/plain/https://assets.jamtangan.com/images/product/xiaomi/8100255729/1l_800x800.jpg;1539000;5;21 Days;No;YES;5ATM;Yes;Yes;No;Android & IOS;Casual;AMOLED;No
Garmin Forerunner 55 010-02562-53 Smartwatch Digital Dial Monterra Grey Rubber Band;https://www.jamtangan.com/p/garmin-forerunner-55-0100256253-smartwatch-digital-dial-monterra-grey-rubber-band-423233?list-referer-id=Jam;https://images.jamtangan.com/preset:sharp/resize:fit:300:329/dpr:2/width:300/height:329/resize:fit/plain/https://assets.jamtangan.com/images/product/garmin/010-02562-53/1l_800x800.jpg;3199000;5;11 Days;No;No;5ATM;Yes;Yes;No;Android & IOS;Casual;TFT;No
Garmin Venu Sq 2 010-02701-80 Smartwatch Digital Dial Shadow Gray Silicone Strap;https://www.jamtangan.com/p/garmin-venu-sq-2-0100270180-smartwatch-digital-dial-shadow-gray-silicone-strap-493773?list-referer-id=Jam;https://images.jamtangan.com/preset:sharp/resize:fit:300:329/dpr:2/width:300/height:329/resize:fit/plain/https://assets.jamtangan.com/images/product/garmin/010-02701-80/1l_800x800.jpg;3399000;5;11 Days;No;Yes;5ATM;Yes;Yes;Yes;Android & IOS;Sport;AMOLED;Yes
Garmin Forerunner 55 010-02562-51 Smartwatch Digital Dial White Rubber Band;https://www.jamtangan.com/p/garmin-forerunner-55-0100256251-smartwatch-digital-dial-white-rubber-band-423213?list-referer-id=Jam;https://images.jamtangan.com/preset:sharp/resize:fit:300:329/dpr:2/width:300/height:329/resize:fit/plain/https://assets.jamtangan.com/images/product/garmin/010-02562-51/1l_800x800.jpg;3199000;5;11 Days;Yes;Yes;5ATM;Yes;Yes;Yes;Android & IOS;Sport;AMOLED;Yes
Xiaomi Smart Band 9 Active 8100176520 Smartwatch Digital Dial Black Rubber Strap;https://www.jamtangan.com/p/xiaomi-smart-band-9 active-8100176520-smartwatch-digital-dial-black-rubber-strap-720183?list-referer-id=Jam;https://images.jamtangan.com/preset:sharp/resize:fit:300:329/dpr:2/width:300/height:329/resize:fit/plain/https://assets.jamtangan.com/images/product/xiaomi/8100176520/1l_800x800.jpg;328000;5;21 Days;Yes;Yes;5ATM;Yes;Yes;Yes;Android & IOS;Sport;AMOLED;Yes
Garmin Forerunner 55 010-02562-52 Smartwatch Digital Dial Blue Aqua Rubber Band;https://www.jamtangan.com/p/garmin-forerunner-55-0100256252-smartwatch-digital-dial-blue-aqua-rubber-band-423223?list-referer-id=Jam;https://images.jamtangan.com/preset:sharp/resize:fit:300:329/dpr:2/width:300/height:329/resize:fit/plain/https://assets.jamtangan.com/images/product/garmin/010-02562-52/1l_800x800.jpg;3199000;5;11 Days;Yes;Yes;5ATM;Yes;Yes;Yes;Android & IOS;Sport;AMOLED;Yes
Xiaomi Smart Band 9 Active 8100225651 Smartwatch Digital Dial Purple Rubber Strap;https://www.jamtangan.com/p/xiaomi-smart-band-9 active-8100225651-smartwatch-digital-dial-purple-rubber-strap-728893?list-referer-id=Jam;https://images.jamtangan.com/preset:sharp/resize:fit:300:329/dpr:2/width:300/height:329/resize:fit/plain/https://assets.jamtangan.com/images/product/xiaomi/8100225651/1l_800x800.jpg;329000;5;21 Days;Yes;Yes;5ATM;Yes;Yes;Yes;Android & IOS;Sport;AMOLED;Yes
Xiaomi Smart Band 9 Active 8100225652 Smartwatch Digital Dial Green Rubber Strap;https://www.jamtangan.com/p/xiaomi-smart-band-9 active-8100225652-smartwatch-digital-dial-green-rubber-strap-728883?list-referer-id=Jam;https://images.jamtangan.com/preset:sharp/resize:fit:300:329/dpr:2/width:300/height:329/resize:fit/plain/https://assets.jamtangan.com/images/product/xiaomi/8100225652/1l_800x800.jpg;329000;5;21 Days;Yes;Yes;5ATM;Yes;Yes;Yes;Android & IOS;Sport;AMOLED;Yes
Xiaomi Redmi Watch 5 8100026283 Smartwatch Digital Dial Obsidian Black Rubber Strap;https://www.jamtangan.com/p/xiaomi-redmi-watch-5 8100026283-smartwatch-digital-dial-obsidian-black-rubber-strap-719923?list-referer-id=Jam;https://images.jamtangan.com/preset:sharp/resize:fit:300:329/dpr:2/width:300/height:329/resize:fit/plain/https://assets.jamtangan.com/images/product/xiaomi/8100026283/1l_800x800.jpg;1351000;5;21 Days;Yes;Yes;5ATM;Yes;Yes;Yes;Android & IOS;Outdoor / Sport;AMOLED;Yes
Xiaomi Redmi Watch 5 8100026282 Smartwatch Digital Dial Lavender Purple Rubber Strap;https://www.jamtangan.com/p/xiaomi-redmi-watch-5 8100026282-smartwatch-digital-dial-lavender-purple-rubber-strap-719903?list-referer-id=Jam;https://images.jamtangan.com/preset:sharp/resize:fit:300:329/dpr:2/width:300/height:329/resize:fit/plain/https://assets.jamtangan.com/images/product/xiaomi/8100026282/1l_800x800.jpg;1351000;5;21 Days;Yes;Yes;5ATM;Yes;Yes;Yes;Android & IOS;Premium / Sport;AMOLED;Yes
Xiaomi Watch 2 Pro 8100122696 Smartwatch Bluetooth Digital Dial Black Rubber Strap;https://www.jamtangan.com/p/xiaomi-watch-2-pro-8100122696-smartwatch-bluetooth-digital-dial-black-rubber-strap-720223?list-referer-id=Jam;https://images.jamtangan.com/preset:sharp/resize:fit:300:329/dpr:2/width:300/height:329/resize:fit/plain/https://assets.jamtangan.com/images/product/xiaomi/8100122696/1l_800x800.jpg;2895000;5;18 Days;Yes;Yes;5ATM;Yes;Yes;Yes;Android & IOS;Premium / Sport;AMOLED;Yes
HUAWEI WATCH FIT 5 Pro;https://consumer.huawei.com/id/wearables/watch-fit5-pro/;https://consumer.huawei.com/dam/content/dam/huawei-cbg-site/common/mkt/plp-x/wearables-v5/0507-2026-huawei-innovative-product-launch/kv/watch-fit5-pro-pc.jpg;3699000;5;18 Days;Yes;Yes;5ATM;Yes;Yes;Yes;Android & IOS;Premium / Sport;AMOLED;Yes
HUAWEI WATCH Buds;https://consumer.huawei.com/id/wearables/watch-buds/;https://consumer.huawei.com/dam/content/dam/huawei-cbg-site/common/mkt/plp-x/wearables-v5/product-shelf-and-pop-up/watch-series/watch-buds-khaki.jpg;;5;18 Days;Yes;Yes;5ATM;Yes;Yes;Yes;Android & IOS;Premium / Sport;AMOLED;Yes
HUAWEI WATCH GT 6;https://consumer.huawei.com/id/wearables/watch-gt6/;https://encrypted-tbn0.gstatic.com/images?q=tbn:ANd9GcRjGXut_B98W-I5RlomCuF57p6F1yHce1X9iB_OXsaEKg&s=10;3099000;5;18 Days;Yes;Yes;5ATM;Yes;Yes;Yes;Android & IOS;Casual / Sport;AMOLED;Yes
HUAWEI WATCH FIT 5 Pro;https://consumer.huawei.com/id/wearables/watch-fit5-pro/;https://consumer.huawei.com/dam/content/dam/huawei-cbg-site/common/mkt/plp-x/wearables-v5/0507-2026-huawei-innovative-product-launch/product-shelf-and-pop-up/watch-fit-series/watch-fit5-pro.jpg;3699000;5;18 Days;Yes;Yes;5ATM;Yes;Yes;Yes;Android & IOS;Casual / Sport;AMOLED;Yes
HUAWEI WATCH FIT 5;https://consumer.huawei.com/id/wearables/watch-fit5/;https://th.bing.com/th/id/OIP.5Hf8PoSf7GjCixL97k59GgHaHa?w=162&h=180&c=7&r=0&o=7&dpr=1.3&pid=1.7&rm=3;2.399.000;5;21 Days;Yes;Yes;5ATM;Yes;Yes;Yes;Android & IOS;Fashion;AMOLED;Yes
HUAWEI Band 11 Pro;https://consumer.huawei.com/id/wearables/band11-pro/;https://consumer.huawei.com/dam/content/dam/huawei-cbg-site/common/mkt/plp-x/wearables-v5/product-shelf-and-pop-up/band-series/band11-pro.jpg;899000;5;21 Days;Yes;Yes;5ATM;Yes;Yes;Yes;Android & IOS;Sport;AMOLED;Yes
HUAWEI Band 11;https://consumer.huawei.com/id/wearables/band11/;https://consumer.huawei.com/dam/content/dam/huawei-cbg-site/common/mkt/plp-x/wearables-v5/product-shelf-and-pop-up/band-series/band11.jpg;599000;5; 21 Days;Yes;Yes;5ATM;Yes;Yes;Yes;Android & IOS;Fashion;AMOLED;Yes
HUAWEI WATCH GT 5;https://consumer.huawei.com/id/wearables/watch-gt5/;;3499000;5;21 Days;Yes;Yes;5ATM;Yes;Yes;Yes;Android & IOS;Casual/Sport;AMOLED;Yes
HUAWEI WATCH FIT 5;https://consumer.huawei.com/id/wearables/watch-fit5/;;2399000;5; 21 Days;Yes;Yes;5ATM;Yes;Yes;Yes;Android & IOS;Sport;AMOLED;Yes
HUAWEI WATCH FIT 4 Pro;https://consumer.huawei.com/id/wearables/watch-fit4-pro/;;3499000;5;21 Days;Yes;Yes;5ATM;Yes;Yes;Yes;Android & IOS;Sport / Fitness;AMOLED;Yes
HUAWEI WATCH FIT 5;https://consumer.huawei.com/id/wearables/watch-fit5/;https://consumer.huawei.com/dam/content/dam/huawei-cbg-site/common/mkt/plp-x/wearables-v5/0507-2026-huawei-innovative-product-launch/product-comparison/compare-watch-fit5.jpg;2399000;5;21 Days;Yes;Yes;5ATM;Yes;Yes;Yes;Android & IOS;Sport / Fitness;AMOLED;Yes
